Bil,Nama Taman,Daerah,Mukim,Poskod,Bilangan Rumah
1,TAMAN SHUKOR,Seremban,AMPANGAN,70400,43
2,TAMAN DESA KENANGA INDAH,Seremban,AMPANGAN,70400,30
3,TAMAN VILLA PALMA,Seremban,AMPANGAN,70400,56
4,TAMAN SERI SENTOSA,Seremban,AMPANGAN,70400,28
5,RESIDENSI SIGC,Seremban,AMPANGAN,70400,217
6,GEDUNG LALANG 162,Seremban,AMPANGAN,70400,198
7,GEDUNG LALANG 50,Seremban,AMPANGAN,70400,171
8,TAMAN DATO WAN,Seremban,AMPANGAN,70400,120
9,TAMAN GOLF HEIGHT,Seremban,AMPANGAN,70400,91
10,TAMAN SIKAMAT ACASIA COUNTRY HEIGHT,Seremban,AMPANGAN,70400,283
11,TAMAN BUKIT NIBONG,Seremban,AMPANGAN,70400,129
12,SEREMBAN PUTRA,Seremban,AMPANGAN,70400,1000
13,TAMAN DESA PERMAI,Seremban,AMPANGAN,70400,159
14,TAMAN PERWIRA,Seremban,AMPANGAN,70400,160
15,RUMAH RAKYAT SIKAMAT 1,Seremban,AMPANGAN,70400,159
16,TAMAN UJONG PASIR,Seremban,AMPANGAN,70400,14
17,TAMAN SRI PULAI,Seremban,AMPANGAN,70400,86
18,TAMAN ANGSANA,Seremban,AMPANGAN,70400,45
19,TAMAN KAYU MANIS,Seremban,AMPANGAN,70400,21
20,KAMPUNG JIBOI,Seremban,AMPANGAN,70400,533
21,TAMAN KEKWA,Seremban,AMPANGAN,70400,343
22,TAMAN SRI TANJUNG,Seremban,AMPANGAN,70400,21
23,TAMAN NEGERI AMPANGAN,Seremban,AMPANGAN,70400,36
24,TAMAN SRI LANDAK,Seremban,AMPANGAN,70400,13
25,TAMAN NZ,Seremban,AMPANGAN,70400,46
26,TAMAN SRI NEGERI,Seremban,AMPANGAN,70400,26
27,TAMAN BOUGAINVILLA,Seremban,AMPANGAN,70400,22
28,TAMAN BUKIT KELANA,Seremban,AMPANGAN,70400,73
29,TAMAN MELATI INDAH,Seremban,AMPANGAN,70400,34
30,TAMAN KIAMBANG INDAH,Seremban,AMPANGAN,70400,72
31,TAMAN DESA ROS,Seremban,AMPANGAN,70400,346
32,TAMAN SRI SIANTAN,Seremban,AMPANGAN,70400,27
33,TAMAN GURU,Seremban,AMPANGAN,70400,152
34,TAMAN DESA DURANTA,Seremban,AMPANGAN,70400,113
35,TAMAN SETIA HATI,Seremban,AMPANGAN,70400,24
36,TAMAN LILY SUTERA,Seremban,AMPANGAN,70400,26
37,TAMAN RASHIDAH UTAMA,Seremban,AMPANGAN,70400,53
38,KAMPUNG SENTOSA JAYA,Seremban,AMPANGAN,70400,138
39,KAMPUNG SENTOSA,Seremban,AMPANGAN,70400,388
40,FLAT CASURINA,Seremban,AMPANGAN,70400,237
41,PPR PAROI,Seremban,AMPANGAN,70400,390
42,KAMPUNG TOK DAGANG,Seremban,AMPANGAN,70400,115
43,TAMAN CENGAL UTAMA,Seremban,AMPANGAN,70400,551
44,TAMAN JEMERLANG,Seremban,AMPANGAN,70400,130
45,TAMAN MARGOSA,Seremban,AMPANGAN,70400,531
46,KAMPUNG MELAYU PANCHOR,Seremban,AMPANGAN,70400,23
47,TAMAN SRI PAROI,Seremban,AMPANGAN,70400,53
48,RUMAH MURAH PANCHOR,Seremban,AMPANGAN,70400,176
49,KAMPUNG PANCHOR,Seremban,AMPANGAN,70400,415
50,TAMAN NYIOR (A B C),Seremban,AMPANGAN,70400,471
51,SEREMBAN FOREST HEIGHT,Seremban,AMPANGAN,70400,2388
52,TAMAN WARISAN PUTERI,Seremban,AMPANGAN,70400,5479
53,TAMAN SEREMBAN JAYA,Seremban,AMPANGAN,70400,30
54,TAMAN YOON FOOK,Seremban,AMPANGAN,70400,60
55,TAMAN TAN CHEE HOE,Seremban,AMPANGAN,70400,161
56,TAMAN SEREMBAN,Seremban,AMPANGAN,70400,136
57,TAMAN SEREMBAN BARU,Seremban,AMPANGAN,70400,483
58,TAMAN KIAN KEE,Seremban,AMPANGAN,70400,36
59,TAMAN DUSUN SETIA,Seremban,AMPANGAN,70400,864
60,TAMAN DATO SHAH BANDAR,Seremban,AMPANGAN,70400,238
61,TAMAN SAKURA,Seremban,AMPANGAN,70400,99
62,TAMAN BUKTI,Seremban,AMPANGAN,70400,407
63,TAMAN BAKAWALI,Seremban,AMPANGAN,70400,53
64,TAMAN BUKTI SETIA,Seremban,AMPANGAN,70400,109
65,TAMAN AMPANGAN,Seremban,AMPANGAN,70400,311
66,KAMPUNG BARU PAROI,Seremban,AMPANGAN,70400,58
67,TAMAN PINGGIRAN GOLF,Seremban,AMPANGAN,70400,411
68,TAMAN PAROI JAYA,Seremban,AMPANGAN,70400,1233
69,TAMAN PALMA JAYA,Seremban,AMPANGAN,70400,176
70,TAMAN PANCHOR JAYA,Seremban,AMPANGAN,70400,1154
71,TAMAN SRI TELAWI,Seremban,AMPANGAN,70400,311
72,TAMAN SIKAMAT UTAMA,Seremban,AMPANGAN,70400,245
73,TAMAN JUJUR,Seremban,AMPANGAN,70400,650
74,TAMAN DESA RHU,Seremban,AMPANGAN,70400,1428
75,TAMAN SRI PENAGA FASA 2,Seremban,AMPANGAN,70400,296
76,TAMAN KURSHIAH,Seremban,AMPANGAN,70400,53
77,TAMAN SELASEH,Seremban,AMPANGAN,70400,59
78,TAMAN SIKAMAT JAYA,Seremban,AMPANGAN,70400,113
79,TAMAN MEGAWAY,Seremban,AMPANGAN,70400,302
80,KAMPUNG BARU SIKAMAT,Seremban,AMPANGAN,70400,246
81,TAMAN AMPANGAN JAYA,Seremban,AMPANGAN,70400,1387
82,TAMAN PELANGI,Seremban,AMPANGAN,70400,560
83,TAMAN SRI INAI,Seremban,AMPANGAN,70400,156
84,TAMAN COLLEGE HEIGHT,Seremban,AMPANGAN,70400,909
85,TAMAN SRI PENAGA FASA 1,Seremban,AMPANGAN,70400,135
86,TAMAN PINANG GADING,Seremban,AMPANGAN,70400,186
87,TAMAN SRI PULAI,Seremban,AMPANGAN,70400,522
88,TAMAN DESA BERINGIN,Seremban,AMPANGAN,70400,285
89,TAMAN DESA KIARA,Seremban,AMPANGAN,70400,318
90,TAMAN SRI PAGI,Seremban,AMPANGAN,70400,713
91,TAMAN RASA SAYANG,Seremban,AMPANGAN,70400,236
92,TAMAN CEMPAKA,Seremban,AMPANGAN,70400,364
93,TAMAN CEMPAKA 3,Seremban,AMPANGAN,70400,380
94,TAMAN MARIDA,Seremban,AMPANGAN,70400,981
95,TAMAN SENAWANG JAYA,Seremban,AMPANGAN,70400,1427
96,TAMAN DESA ANGGERIK,Seremban,AMPANGAN,70400,388
97,TAMAN KOBENA,Seremban,AMPANGAN,70400,388
98,TAMAN SENAWANG INDAH,Seremban,AMPANGAN,70400,372
99,TAMAN SATRIA,Seremban,AMPANGAN,70400,891
100,TAMAN SRI KASIH,Seremban,AMPANGAN,70400,276
101,TAMAN TASIK JAYA,Seremban,AMPANGAN,70400,2689
102,TAMAN SRI MAWAR,Seremban,AMPANGAN,70400,670
103,TAMAN DESA DAHLIA,Seremban,AMPANGAN,70400,511
104,TAMAN LILY,Seremban,AMPANGAN,70400,156
105,TAMAN TERATAI,Seremban,AMPANGAN,70400,255
106,TAMAN DESA FLORA,Seremban,AMPANGAN,70400,68
107,TAMAN WIDURI,Seremban,AMPANGAN,70400,415
108,TAMAN SRI BAYU,Seremban,AMPANGAN,70400,219
109,TAMAN ALAMANDA,Seremban,AMPANGAN,70400,458
110,RUMAH PANGSA SENAWANG 2,Seremban,AMPANGAN,70400,632
111,TAMAN JASMIN,Seremban,AMPANGAN,70400,1201
112,TAMAN MATAHARI HEIGHT,Seremban,AMPANGAN,70400,404
113,TAMAN KEMUNING,Seremban,AMPANGAN,70400,428
114,TAMAN DESA JAYA,Seremban,AMPANGAN,70400,288
115,TAMAN JASMIN INDAH,Seremban,AMPANGAN,70400,412
116,TAMAN TASIK JAYA 2,Seremban,AMPANGAN,70400,412
117,TAMAN DESA IXORA,Seremban,AMPANGAN,70400,441
118,TAMAN ROS MEWAH,Seremban,AMPANGAN,70400,693
119,TAMAN DESA ORKID,Seremban,AMPANGAN,70400,406
120,TAMAN DESA MELOR,Seremban,AMPANGAN,70400,466
121,TAMAN JASMIN INDAH 2,Seremban,AMPANGAN,70400,328
122,TAMAN MATAHARI INDAH,Seremban,AMPANGAN,70400,407
123,TAMAN SENAWANG INDAH 2,Seremban,AMPANGAN,70400,38
124,TAMAN MAYANG SARI,Seremban,AMPANGAN,70400,100
125,TAMAN DESA FLORA 2,Seremban,AMPANGAN,70400,54
126,TAMAN DESA MELOR INDAH,Seremban,AMPANGAN,70400,38
127,TAMAN LAVENDER HEIGHT,Seremban,AMPANGAN,70400,1107
128,TAMAN SEROJA INDAH,Seremban,AMPANGAN,70400,19
129,TAMAN BOURGAINVILLEA IDAMAN,Seremban,AMPANGAN,70400,19
130,TAMAN SERI KIAMBANG,Seremban,AMPANGAN,70400,64
131,LAMAN AKASIA,Seremban,AMPANGAN,70400,80
132,TAMAN VILLA BERINGIN,Seremban,AMPANGAN,70400,60
133,TAMAN TASIK JAYA 2,Seremban,AMPANGAN,70400,16
134,TAMAN SERI PANDAN,Seremban,AMPANGAN,70400,14
135,TAMAN PENAGA INDAH,Seremban,AMPANGAN,70400,72
136,TAMAN KIARA INDAH,Seremban,AMPANGAN,70400,147
137,TAMAN DESA ROS,Seremban,AMPANGAN,70400,62
138,RUMAH RAKYAT SIKAMAT 2,Seremban,AMPANGAN,70400,200
139,TAMAN RASHIDAH UTAMA 2,Seremban,AMPANGAN,70400,14
140,TAMAN SENTOSA INDAH,Seremban,AMPANGAN,70400,26
141,TAMAN CEMPAKA 2,Seremban,AMPANGAN,70400,28
142,VILLA SURIA,Seremban,AMPANGAN,70400,35
143,TAMAN DELLINIA,Seremban,BANDAR SEREMBAN,70000,61
144,TAMAN NEE YAN,Seremban,BANDAR SEREMBAN,70000,265
145,TAMAN BUKIT MARKISA,Seremban,BANDAR SEREMBAN,70000,87
146,TAMAN SURIA,Seremban,BANDAR SEREMBAN,70000,35
147,TAMAN PERMATA,Seremban,BANDAR SEREMBAN,70000,212
148,TAMAN JED VILLA,Seremban,BANDAR SEREMBAN,70000,30
149,TAMAN TUNKU ABDUL RAHMAN,Seremban,BANDAR SEREMBAN,70000,43
150,RUMAH PANGSA LOBAK,Seremban,BANDAR SEREMBAN,70000,190
151,PPR LOBAK,Seremban,BANDAR SEREMBAN,70000,468
152,TAMAN SAGA,Seremban,BANDAR SEREMBAN,70000,124
153,TAMAN BUKIT LEMON,Seremban,BANDAR SEREMBAN,70000,69
154,RUMAH PANGSA TUN DR ISMAIL,Seremban,BANDAR SEREMBAN,70000,330
155,TAMAN BUKIT TEMBOK,Seremban,BANDAR SEREMBAN,70000,181
156,TAMAN BUKIT NENAS,Seremban,BANDAR SEREMBAN,70000,38
157,TAMAN BUKIT BELIMBING,Seremban,BANDAR SEREMBAN,70000,21
158,TAMAN LIAN,Seremban,BANDAR SEREMBAN,70000,26
159,TAMAN BAN AIK,Seremban,BANDAR SEREMBAN,70000,22
160,TAMAN KELANA INDAH,Seremban,BANDAR SEREMBAN,70000,42
161,TAMAN LIMAU EMAS,Seremban,BANDAR SEREMBAN,70000,119
162,TAMAN KLANA JUBLI,Seremban,BANDAR SEREMBAN,70000,74
163,TAMAN TUAN SHEIKH,Seremban,BANDAR SEREMBAN,70000,24
164,TAMAN HO,Seremban,BANDAR SEREMBAN,70000,38
165,TAMAN DATO ABU HANIFAH,Seremban,BANDAR SEREMBAN,70000,134
166,KAMPUNG BARU RASAH,Seremban,BANDAR SEREMBAN,70000,484
167,TAMAN BUKIT CHEDANG 1,Seremban,BANDAR SEREMBAN,70000,530
168,TAMAN BUKIT CHEDANG 2,Seremban,BANDAR SEREMBAN,70000,832
169,TAMAN SUNGAI UJONG,Seremban,BANDAR SEREMBAN,70000,96
170,TAMAN SRI PUTEH,Seremban,BANDAR SEREMBAN,70000,30
171,TAMAN MOK SUM,Seremban,BANDAR SEREMBAN,70000,57
172,TAMAN HAPPY,Seremban,BANDAR SEREMBAN,70000,65
173,TAMAN KASTURI,Seremban,BANDAR SEREMBAN,70000,28
174,TAMAN UJONG,Seremban,BANDAR SEREMBAN,70000,73
175,TAMAN SRI LOOP,Seremban,BANDAR SEREMBAN,70000,156
176,TAMAN KENARI,Seremban,BANDAR SEREMBAN,70000,28
177,TAMAN SEJAHTERA,Seremban,BANDAR SEREMBAN,70000,53
178,TAMAN STAR LIGHT,Seremban,BANDAR SEREMBAN,70000,140
179,TAMAN CHEONG LOONG,Seremban,BANDAR SEREMBAN,70000,119
180,KAMPUNG ABOK (KAMPUNG SEMARAK),Seremban,BANDAR SEREMBAN,70000,103
181,TAMAN ABOK JAYA,Seremban,BANDAR SEREMBAN,70000,150
182,KAMPUNG DATOK MANSOR,Seremban,BANDAR SEREMBAN,70000,133
183,TAMAN SRI PULASAN,Seremban,BANDAR SEREMBAN,70000,21
184,TAMAN RAHANG,Seremban,BANDAR SEREMBAN,70000,188
185,TAMAN BIDARA,Seremban,BANDAR SEREMBAN,70000,977
186,TAMAN MERDEKA HEIGHT,Seremban,BANDAR SEREMBAN,70000,42
187,TAMAN DUSUN NYIOR,Seremban,BANDAR SEREMBAN,70000,135
188,TAMAN BUKIT RASAH,Seremban,BANDAR SEREMBAN,70000,331
189,KAMPUNG BUKIT TEMIANG,Seremban,BANDAR SEREMBAN,70000,58
190,KAMPUNG MERBAH,Seremban,BANDAR SEREMBAN,70000,23
191,TAMAN MERANTI JAYA,Seremban,BANDAR SEREMBAN,70000,24
192,TAMAN ENGLAND,Seremban,BANDAR SEREMBAN,70000,76
193,TAMAN DESA MANGGIS,Seremban,BANDAR SEREMBAN,70000,23
194,TAMAN ZAITUN INDAH,Seremban,BANDAR SEREMBAN,70000,173
195,TAMAN SENA JAYA,Seremban,BANDAR SEREMBAN,70000,16
196,TAMAN SRI RAMBAI,Seremban,BANDAR SEREMBAN,70000,40
197,TAMAN SRI RAHANG,Seremban,BANDAR SEREMBAN,70000,159
198,TAMAN BUKIT NONA,Seremban,BANDAR SEREMBAN,70000,40
199,TAMAN CERMAI JAYA,Seremban,BANDAR SEREMBAN,70000,32
200,TAMAN SETIA JAYA,Seremban,BANDAR SEREMBAN,70000,30
201,KAMPUNG ISMAIL,Seremban,BANDAR SEREMBAN,70000,62
202,TAMAN MURUGESU,Seremban,BANDAR SEREMBAN,70000,54
203,TAMAN LEE SIEW JOO,Seremban,BANDAR SEREMBAN,70000,46
204,TAMAN BUKIT AMPANGAN,Seremban,BANDAR SEREMBAN,70000,46
205,TAMAN SIKAMAT,Seremban,BANDAR SEREMBAN,70000,19
206,TAMAN PUNCA EMAS,Seremban,BANDAR SEREMBAN,70000,149
207,TAMAN NEGERI,Seremban,BANDAR SEREMBAN,70000,20
208,TAMAN SIM,Seremban,BANDAR SEREMBAN,70000,21
209,TAMAN PERMAI JAYA,Seremban,BANDAR SEREMBAN,70000,508
210,AMPANGAN BLOK B dan C,Seremban,BANDAR SEREMBAN,70000,138
211,TAMAN NEGERI (RASAH),Seremban,BANDAR SEREMBAN,70000,122
212,TAMAN KOOP,Seremban,BANDAR SEREMBAN,70000,31
213,TAMAN NYIOR HIJAU,Seremban,BANDAR SEREMBAN,70000,63
214,TAMAN LIMAU EMAS FASA 3,Seremban,BANDAR SEREMBAN,70000,12
215,TAMAN ANGGUR JAYA,Seremban,BANDAR SEREMBAN,70000,102
216,OFF JLN TUAN HAJI SAID (LAKE HEIGHT),Seremban,BANDAR SEREMBAN,70000,25
217,VILA TAMAN TASIK,Seremban,BANDAR SEREMBAN,70000,8
218,KAMPUNG SINGH,Seremban,BANDAR SEREMBAN,70000,61
219,TAMAN PERMAI IMPIAN,Seremban,BANDAR SEREMBAN,70000,502
220,KAMPUNG PASIR,Seremban,BANDAR SEREMBAN,70000,394
221,TAMAN PURBA,Seremban,BANDAR SEREMBAN,70000,42
222,TAMAN YOON SENG,Seremban,BANDAR SEREMBAN,70000,85
223,TAMAN BUKIT DELIMA,Seremban,BANDAR SEREMBAN,70000,78
224,TAMAN MING HOE,Seremban,BANDAR SEREMBAN,70000,63
225,TAMAN CERI INDAH,Seremban,BANDAR SEREMBAN,70000,16
226,TAMAN MUTIARA GALLA,Seremban,LABU,71900,713
227,TAMAN HARMONIUM UTAMA,Seremban,LABU,71900,130
228,TAMAN BUKIT KRISTAL,Seremban,LABU,71900,288
229,TAMAN HARMONIUM INDAH,Seremban,LABU,71900,84
230,TAMAN BUKIT KEPAYANG,Seremban,LABU,71900,2477
231,TAMAN SERUNAI,Seremban,LABU,71900,65
232,TAMAN BUKIT KEPAYANG,Seremban,LABU,71900,15
233,TAMAN KELAB TUANKU,Seremban,RANTAU,71200,860
234,TAMAN SRI MAMBAU,Seremban,RANTAU,71200,2467
235,TAMAN SENANGIN,Seremban,RANTAU,71200,329
236,TAMAN SEREMBAN JAYA IDAMAN,Seremban,RANTAU,71200,99
237,KAMPUNG BEMBAN,Seremban,RANTAU,71200,70
238,TAMAN IRINGAN BAYU,Seremban,RANTAU,71200,SEDANG DIBINA
239,TAMAN OAKLAND FASA 1B,Seremban,RASAH,70300,68
240,TAMAN LAYANG LAYANG,Seremban,RASAH,70300,669
241,TAMAN MERPATI,Seremban,RASAH,70300,361
242,TAMAN SERI KAMBAN BARU,Seremban,RASAH,70300,268
243,TAMAN CENDERAWASIH,Seremban,RASAH,70300,435
244,TAMAN ANGSAMAS,Seremban,RASAH,70300,645
245,TAMAN MARLIN HEIGHTS,Seremban,RASAH,70300,106
246,RUMAH MURAH MAMBAU,Seremban,RASAH,70300,50
247,TAMAN BUKIT PARI,Seremban,RASAH,70300,34
248,TAMAN KALOI JAYA,Seremban,RASAH,70300,81
249,TAMAN SERENGGAM,Seremban,RASAH,70300,22
250,TAMAN BELIDA,Seremban,RASAH,70300,81
251,TAMAN BUKIT BELIDA,Seremban,RASAH,70300,117
252,TAMAN MAMBAU HEIGHT,Seremban,RASAH,70300,110
253,TAMAN MAMBAU BARU,Seremban,RASAH,70300,83
254,TAMAN MAMBAU,Seremban,RASAH,70300,64
255,TAMAN MAMBAU JAYA,Seremban,RASAH,70300,60
256,TAMAN KERISI,Seremban,RASAH,70300,139
257,TAMAN AROWANA INDAH,Seremban,RASAH,70300,383
258,TAMAN AROWANA IMPIAN,Seremban,RASAH,70300,558
259,TAMAN AIR GARAM,Seremban,RASAH,70300,25
260,KAMPUNG BATU3 MAMBAU,Seremban,RASAH,70300,167
261,TAMAN HARAPAN BARU,Seremban,RASAH,70300,219
262,TAMAN DESA RASAH,Seremban,RASAH,70300,489
263,TAMAN RASAH JAYA,Seremban,RASAH,70300,4977
264,TAMAN MERBOK RIA,Seremban,RASAH,70300,118
265,TAMAN KOPERASI GURU TAMIL,Seremban,RASAH,70300,45
266,TAMAN SRI RASAH,Seremban,RASAH,70300,153
267,TAMAN KOK ANN,Seremban,RASAH,70300,45
268,TAMAN BUKIT NURI INDAH,Seremban,RASAH,70300,416
269,TAMAN BUKIT KAYA,Seremban,RASAH,70300,562
270,TAMAN LABU UTAMA,Seremban,RASAH,70300,88
271,TAMAN BUKIT LABU,Seremban,RASAH,70300,153
272,TAMAN SERULING JAYA,Seremban,RASAH,70300,41
273,KAMPUNG DATO MOHD SAID,Seremban,RASAH,70300,175
274,TAMAN PERMAI,Seremban,RASAH,70300,279
275,TAMAN LABU JAYA,Seremban,RASAH,70300,236
276,TAMAN PERMAI 2,Seremban,RASAH,70300,1154
277,TAMAN PERMAI 3,Seremban,RASAH,70300,956
278,TAMAN OAKLAND,Seremban,RASAH,70300,225
279,TAMAN PERMAI JAYA,Seremban,RASAH,70300,20
280,TAMAN BUKIT KELISA,Seremban,RASAH,70300,485
281,TAMAN DUYUNG,Seremban,RASAH,70300,336
282,TAMAN YOON CHAN,Seremban,RASAH,70300,122
283,TAMAN BUKIT BLOSSOM,Seremban,RASAH,70300,414
284,TAMAN SEA,Seremban,RASAH,70300,140
285,TAMAN BUNGA BLOSSOM,Seremban,RASAH,70300,653
286,TAMAN THIVY,Seremban,RASAH,70300,851
287,KAMPUNG BARU RAHANG,Seremban,RASAH,70300,352
288,TAMAN LOOP,Seremban,RASAH,70300,141
289,KAMPUNG BARU MAMBAU,Seremban,RASAH,70300,320
290,TAMAN PATIN INDAH,Seremban,RASAH,70300,39
291,TAMAN BUKIT EMAS,Seremban,RASAH,70300,681
292,TAMAN SRI BINJAI,Seremban,RASAH,70300,518
293,TAMAN SRI LABU,Seremban,RASAH,70300,98
294,SEREMBAN 2  SEKSYEN G,Seremban,RASAH,70300,4093
295,SEREMBAN 2  SEKSYEN C,Seremban,RASAH,70300,191
296,SEREMBAN 2  SEKSYEN H,Seremban,RASAH,70300,690
297,SEREMBAN 2  SEKSYEN K,Seremban,RASAH,70300,892
298,SEREMBAN 2  SEKSYEN F,Seremban,RASAH,70300,950
299,SEREMBAN 2 SEKSYEN E,Seremban,RASAH,70300,720
300,SEREMBAN 2 SEKSYEN D,Seremban,RASAH,70300,1652
301,SEREMBAN 2  SEKSYEN B,Seremban,RASAH,70300,450
302,SEREMBAN 2  SEKSYEN A,Seremban,RASAH,70300,786
303,TAMAN MAMBAU JAYA,Seremban,RASAH,70300,60
304,TAMAN KERISI INDAH,Seremban,RASAH,70300,34
305,TAMAN BELIDA INDAH,Seremban,RASAH,70300,102
306,TAMAN CHEMARA HILLS,Seremban,RASAH,70300,267
307,TAMAN CENDERAWASIH INDAH,Seremban,RASAH,70300,22
308,SEREMBAN 3  SEKSYEN 1A,Seremban,RASAH,70300,309
309,SEREMBAN 3  SEKSYEN 1B,Seremban,RASAH,70300,213
310,SEREMBAN 3  SEKSYEN 3,Seremban,RASAH,70300,69
311,SEREMBAN 3  SEKSYEN 7,Seremban,RASAH,70300,BELUM DIBINA
312,SEREMBAN 3  SEKSYEN 6,Seremban,RASAH,70300,BELUM DIBINA
313,SEREMBAN 3  SEKSYEN 5A,Seremban,RASAH,70300,50
314,SEREMBAN 3 SEKSYEN 5B,Seremban,RASAH,70300,111
315,SEREMBAN 3  SEKSYEN 5D,Seremban,RASAH,70300,BELUM DIBINA
316,SEREMBAN 3  SEKSYEN 4B,Seremban,RASAH,70300,BELUM DIBINA
317,SEREMBAN 3  SEKSYEN 4A,Seremban,RASAH,70300,284
318,SEREMBAN 3  SEKSYEN 2B,Seremban,RASAH,70300,88
319,SEREMBAN 3  SEKSYEN 2A,Seremban,RASAH,70300,222
320,SEREMBAN 3  SEKSYEN 5C,Seremban,RASAH,70300,81
321,TAMAN OAKLAND FASA3,Seremban,RASAH,70300,177
322,TAMAN BUKIT EMAS 2,Seremban,RASAH,70300,24
323,TAMAN CORAL HEIGHT,Seremban,SEREMBAN,70400,676
324,TAMAN BERLIAN TROPIKA,Seremban,SEREMBAN,70400,34
325,TAMAN INDAH,Seremban,SEREMBAN,70400,387
326,TAMAN TEMIANG JAYA,Seremban,SEREMBAN,70400,370
327,TAMAN RASHIBAH INDAH,Seremban,SEREMBAN,70400,263
328,TAMAN SULIANA,Seremban,SEREMBAN,70400,144
329,TAMAN SRI PULAI 3,Seremban,SEREMBAN,70400,679
330,TAMAN BAIDURI,Seremban,SEREMBAN,70400,277
331,TAMAN BUKIT  INTAN,Seremban,SEREMBAN,70400,1290
332,TAMAN JASPER JAYA,Seremban,SEREMBAN,70400,488
333,TAMAN BUKIT GALENA,Seremban,SEREMBAN,70400,286
334,TAMAN JASPER JAYA 2,Seremban,SEREMBAN,70400,491
335,TAMAN BUKIT JED,Seremban,SEREMBAN,70400,1647
336,TAMAN BUKIT MIKA,Seremban,SEREMBAN,70400,85
337,TAMAN BUKIT DESA,Seremban,SEREMBAN,70400,99
338,TAMAN SAPPHIRE,Seremban,SEREMBAN,70400,50
339,TAMAN BUKIT ZAMRUD,Seremban,SEREMBAN,70400,611
340,TAMAN BUKIT FLORIDA,Seremban,SEREMBAN,70400,1950
341,TAMAN PULAI PERDANA,Seremban,SEREMBAN,70400,244
342,TAMAN PULAI IMPIAN,Seremban,SEREMBAN,70400,320
343,TAMAN DESA TEMIANG,Seremban,SEREMBAN,70400,519
344,TAMAN KENG WONG,Seremban,SEREMBAN,70400,108
345,TAMAN BUKIT MUTIARA,Seremban,SEREMBAN,70400,799
346,TAMAN KWANG TONG,Seremban,SEREMBAN,70400,71
347,TAMAN MAKMOR,Seremban,SEREMBAN,70400,128
348,TAMAN TEMPLER,Seremban,SEREMBAN,70400,244
349,TAMAN DAWN,Seremban,SEREMBAN,70400,115
350,TAMAN KOTAMAS,Seremban,SEREMBAN,70400,94
351,TAMAN CHIP AIK,Seremban,SEREMBAN,70400,418
352,TAMAN LUCKY HEIGHT,Seremban,SEREMBAN,70400,139
353,TAMAN SRI AMBER,Seremban,SEREMBAN,70400,661
354,TAMAN JAYA EMAS,Seremban,SEREMBAN,70400,705
355,TAMAN BUKIT SENTOSA,Seremban,SEREMBAN,70400,365
356,TAMAN BUKIT SARIMBAN,Seremban,SEREMBAN,70400,193
357,TAMAN BUKIT PENAGA,Seremban,SEREMBAN,70400,57
358,TAMAN BUKIT BERLIAN,Seremban,SEREMBAN,70400,125
359,TAMAN SETUL,Nilai,SETUL,71700,82
360,TAMAN TONG SENG,Nilai,SETUL,71700,38
361,TAMAN MAJU,Nilai,SETUL,71700,73
362,TAMAN BUNGA RAYA,Nilai,SETUL,71700,239
363,TAMAN KS,Nilai,SETUL,71700,73
364,TAMAN BUKIT JELUTONG,Nilai,SETUL,71700,107
365,TAMAN PERMAI JAYA,Nilai,SETUL,71700,91
366,TAMAN SENTOSA,Nilai,SETUL,71700,29
367,TAMAN MANTIN JAYA,Nilai,SETUL,71700,32
368,TAMAN PERMATA,Nilai,SETUL,71700,8
369,TAMAN ORKID,Nilai,SETUL,71700,78
370,TAMAN SENTOSA,Nilai,SETUL,71700,31
371,STAFFIELD GOLF dan COUNTRY RESORT,Nilai,SETUL,71700,31
372,TAMAN DESA PELANGI ,Nilai,SETUL,71700,468
373,TAMAN MANTIN ,Nilai,SETUL,71700,172
374,TAMAN ASOKA,Nilai,SETUL,71700,240
375,TAMAN DESA  ,Nilai,SETUL,71700,328
376,TAMAN SRI MAWAR,Nilai,SETUL,71700,59
377,TAMAN DAHLIA INDAH,Nilai,SETUL,71700,72
378,DESA PINGGIRAN BAYU atau BAYU LAKES HOMES,Nilai,SETUL,71700,"2,772"
379,TAMAN ROS,Nilai,SETUL,71700,229
380,TAMAN SRI RAMAI BARU,Nilai,SETUL,71700,28
381,TAMAN ANDALAS,Nilai,SETUL,71700,576
382,TAMAN KENANGA,Nilai,SETUL,71700,141
383,TAMAN BUKIT MANTIN,Nilai,SETUL,71700,112
384,BANDAR UNIVERSITI TEKNOLOGI LEGENDA,Nilai,SETUL,71700,"3,457"
385,SRI PALMA VILLA (BLOK 1  2  3),Nilai,SETUL,71700,902
386,SRI PALMA VILLA (BLOK 5),Nilai,SETUL,71700,148
387,SRI PALMA VILLA (BLOK 6),Nilai,SETUL,71700,78
388,SRI JASMIN,Nilai,SETUL,71700,440
389,TAMAN MEDANG,Nilai,SETUL,71700,237
390,TAMAN BUKIT BELIAN,Nilai,SETUL,71700,192
391,TAMAN SERAYA,Nilai,SETUL,71700,64
392,TAMAN MERBAU,Nilai,SETUL,71700,24
393,TAMAN SRI DAMAR,Nilai,SETUL,71700,160
394,TAMAN KEMPAS,Nilai,SETUL,71700,57
395,TAMAN AKASIA,Nilai,SETUL,71700,16
396,TAMAN SRI MAWAR 2,Nilai,SETUL,71700,49
397,TAMAN RU,Nilai,SETUL,71700,13
398,TAMAN RU 2,Nilai,SETUL,71700,28
399,TAMAN SRI KELEDANG ,Nilai,SETUL,71700,25
400,TAMAN SRI GADING,Nilai,SETUL,71700,66
401,TAMAN GADING JAYA,Nilai,SETUL,71700,24
402,TAMAN GADING INDAH,Nilai,SETUL,71700,43
403,TAMAN SRI ANGSANA,Nilai,SETUL,71700,136
404,TAMAN BUKIT SAGA,Nilai,SETUL,71700,156
405,TAMAN BUKIT KEMUNING,Nilai,SETUL,71700,25
406,TAMAN MERANTI,Nilai,SETUL,71700,147
407,TAMAN BERINGIN JAYA,Nilai,SETUL,71700,22
408,TAMAN KAYANGAN,Nilai,SETUL,71700,307
409,TAMAN MANTIN PUTRA,Nilai,SETUL,71700,243
410,TAMAN ANGGERIK ,Nilai,SETUL,71700,197
411,COLLEGE HEIGHTS GARDEN RESORT,Nilai,SETUL,71700,"2,083"
412,TAMAN MULIA ,Nilai,SETUL,71700,498
413,TAMAN PERDANA COLLEGE HEIGHTS,Nilai,SETUL,71700,"2,010"
414,TAMAN BUKIT CITRA,Nilai,SETUL,71700,749
415,TAMAN BUKIT INAI ,Nilai,SETUL,71700,200
416,TAMAN MURNI ,Nilai,SETUL,71700,28
417,TAMAN DAHLIA ,Nilai,SETUL,71700,69
418,TAMAN MUTIARA ,Nilai,SETUL,71700,30
419,TAMAN MELOR ,Nilai,SETUL,71700,197
420,TAMAN NADA ALAM,Nilai,SETUL,71700,"1,188"
421,TAMAN DESA SERINGIN,Nilai,SETUL,71700,198
422,TAMAN DESA SAGA,Nilai,SETUL,71700,112
423,TAMAN TERATAI,Nilai,SETUL,71800,241
424,TAMAN DESA MAYANG SARI,Nilai,SETUL,71800,743
425,NILAI 3 APARTMENT,Nilai,SETUL,71800,263
426,TAMAN DESARIA NILAI 5,Nilai,SETUL,71800,448
427,LAMAN JASMIN,Nilai,SETUL,71800,129
428,LAMAN DILLENIA,Nilai,SETUL,71800,225
429,LAMAN ISORA,Nilai,SETUL,71800,99
430,LAMAN KEKWA,Nilai,SETUL,71800,107
431,LAMAN DAHLIA,Nilai,SETUL,71800,139
432,LAMAN LILI,Nilai,SETUL,71800,88
433,LAMAN LAVENDA,Nilai,SETUL,71800,63
434,LAMAN TULIP,Nilai,SETUL,71800,62
435,LAMAN AKASIA,Nilai,SETUL,71800,223
436,LAMAN KENANGA,Nilai,SETUL,71800,244
437,LAMAN ORKID,Nilai,SETUL,71800,338
438,LAMAN DELFINA,Nilai,SETUL,71800,430
439,LAMAN AZALEA,Nilai,SETUL,71800,322
440,LAMAN ANGGERIK,Nilai,SETUL,71800,142
441,CAMELIA dan KIARA COURT APARTMENT,Nilai,SETUL,71800,400
442,DESA ANGGERIK,Nilai,SETUL,71800,761
443,DESA MELATI 1 dan 2,Nilai,SETUL,71800,757
444,DESA JATI,Nilai,SETUL,71800,129
445,DESA JATI (ACACIA PARK),Nilai,SETUL,71800,376
446,DESA JATI (JATI PARK),Nilai,SETUL,71800,149
447,DESA JATI APARTMENT ,Nilai,SETUL,71800,432
448,DESA CASUARINA,Nilai,SETUL,71800,445
449,DESA KASIA,Nilai,SETUL,71800,293
450,NILAI SPRINGS VILLA ,Nilai,SETUL,71800,"1,010"
451,NILAI SPRINGS HEIGHTS,Nilai,SETUL,71800,195
452,KASTURI HEIGHTS,Nilai,SETUL,71800,170
453,TAMAN BAN AIK,Nilai,LABU,71800,82
454,TAMAN NILAI,Nilai,LABU,71800,44
455,TAMAN SEMARAK 1,Nilai,LABU,71800,582
456,TAMAN SEMARAK 2,Nilai,LABU,71800,"3,099"
457,TAMAN ROS MERAH,Nilai,LABU,71800,54
458,TAMAN NILAI SETIA,Nilai,LABU,71800,14
459,TAMAN NILAI PERDANA,Nilai,LABU,71800,"1,085"
460,TAMAN IMPIANA VILLA,Nilai,LABU,71800,145
461,PANGSAPURI YADIN IMPIANA ,Nilai,LABU,71800,42
462,DESA MELATI 3,Nilai,LABU,71800,565
463,DESA JASMIN 1,Nilai,LABU,71800,121
464,DESA JASMIN 2,Nilai,LABU,71800,633
465,DESA CEMPAKA,Nilai,LABU,71800,"1,350"
466,DESA CEMPAKA 2,Nilai,LABU,71800,358
467,DESA CEMPAKA 3,Nilai,LABU,71800,529
468,DESA CEMPAKA (SPECIAL SCHEME),Nilai,LABU,71800,80
469,CEMPAKA COURT APARTMENT,Nilai,LABU,71800,236
470,CEMPAKAPURI I dan II APARTMENT,Nilai,LABU,71800,528
471,CEMPAKAPURI III APARTMENT,Nilai,LABU,71800,60
472,CEMPAKAPURI IV ,Nilai,LABU,71800,464
473,DESA INDAH 1 ,Nilai,LABU,71800,836
474,DESA INDAH 2,Nilai,LABU,71800,60
475,IMPIANA RESIDENCE,Nilai,LABU,71800,130
476,DESA KOLEJ,Nilai,LABU,71800,476
477,DESA PALMA APARTMENT,Nilai,LABU,71800,"1,240"
478,SUTERA INDAH APARTMENT,Nilai,LABU,71800,160
479,NILAI SANTALIA APARTMENT,Nilai,LABU,71800,115
480,ANGGERIK COURT APARTMENT,Nilai,LABU,71800,158
481,PANGSAPURI BAYU 1,Nilai,LABU,71800,248
482,PANGSAPURI BAYU 2,Nilai,LABU,71800,158
483,TAMAN PEKAN LABU BT 10,Nilai,LABU,71900,18
484,TAMAN TIROI,Nilai,LABU,71900,31
485,TAMAN LABU INDAH,Nilai,LABU,71900,63
486,PLANTERS HAVEN,Nilai,LABU,71900,158
487,EKA MATAHARI,Nilai,LABU,71760,996
488,TAMAN SRI PINANG,Nilai,LABU,70200,228
489,TAMAN PINGGIRAN MARKISA,Nilai,LABU,71900,53
490,TAMAN SRI RAMBAI,Nilai,LABU,71900,24
491,BANDAR AINSDALE,Nilai,LABU,70200,979
492,TAMAN SERI LABU,Nilai,LABU,71760,38
493,LAMAN KEMBOJA,Nilai,LABU,71800,199
494,LAMAN JASMIN,Nilai,LABU,71800,168
495,LAMAN CEMPAKA,Nilai,LABU,71800,494
496,LAMAN ALAMANDA,Nilai,LABU,71800,392
497,LAMAN BAKAWALI,Nilai,LABU,71800,998
498,ALAM MELANIA atau ENSTEK,Nilai,LABU,71760,683
499,JENTAYUatau ENSTEK,Nilai,LABU,71760,170
500,CENDERAWASIH atau ENSTEK,Nilai,LABU,71760,328
501,TIMUR1 atau ENSTEK,Nilai,LABU,71760,105
502,TIMUR2 atau ENSTEK,Nilai,LABU,71760,483
503,TIMUR4 atau ENSTEK,Nilai,LABU,71760,194
504,TIMUR5 atau ENSTEK,Nilai,LABU,71760,428
505,TAMAN GADONG JAYA,Nilai,LABU,71900,"1,703"
506,TAMAN GADONG INDAH,Nilai,LABU,71900,300
507,TAMAN GADONG PUTRA,Nilai,LABU,71900,72
508,TAMAN SENDAYAN INDAH,Nilai,LABU,71950,544
509,TAMAN BUKIT SENDAYAN,Nilai,LABU,71950,735
510,IDAMAN VILA,Nilai,LABU,71950,517
511,IDAMAN CASA,Nilai,LABU,71950,284
512,IDAMAN BAYU,Nilai,LABU,71950,178
513,NUSARI BAYU ,Nilai,LABU,71950,"2,278"
514,NUSARI AMAN ,Nilai,LABU,71950,"1,814"
515,HIJAYU ,Nilai,LABU,71950,"3,645"
516,SURIAMAN ,Nilai,LABU,71950,"1,263"
517,SAUJANA TROPIKA,Nilai,LABU,70300,286
518,SAUJANA DUTA,Nilai,LABU,70300,271
519,SAUJANA SUTERA,Nilai,LABU,70300,532
520,SAUJANA INDAH,Nilai,RASAH,70300,406
521,SAUJANA PRIMA,Nilai,RASAH,70300,436
522,RIMBUN IRAMA,Nilai,RASAH,70300,196
523,RIMBUN HARMONI,Nilai,RASAH,70300,228
524,TAMAN MANTAU INDAH,Nilai,RASAH,70300,419
525,TAMAN MANTAU INDAH 2,Nilai,RASAH,70300,365
526,TAMAN MANTAU INDAH 3,Nilai,RASAH,70300,322
527,RASAH KEMAYAN GOLF dan COUNTRY TOWNSHIP,Nilai,RASAH,70300,"2,172"
528,PANGSAPURI PUNCAK RASAH,Nilai,RASAH,70300,196
529,RIMBA RESIDENSI atau RASAH KEMAYAN,Nilai,RASAH,70300,99
530,TAMAN BALI VILLA,Nilai,RASAH,70300,86
531,TAMAN NUSA INTAN,Nilai,AMPANGAN,70400,"1,546"
532,TUANKU JAAFAR GOLF COUNTRY dan RESORT,Nilai,AMPANGAN,71450,313
533,VILLA KASIA ,Nilai,AMPANGAN,71450,126
534,VILLA ANGSI ,Nilai,AMPANGAN,71450,56
535,TAMAN BANDAR SENAWANG ,Nilai,AMPANGAN,70450,"2,191"
536,TAMAN TUANKU JAAFAR,Nilai,RANTAU,71450,"3,647"
537,TAMAN TUANKU AMPUAN NAJIHAH,Nilai,RANTAU,71450,563
538,TAMAN SEREMBAN JAYA,Nilai,RANTAU,70450,"5,520"
539,BANDAR SEREMBAN SELATAN,Nilai,RANTAU,71450,"2,650"
540,BUKIT SRI SENAWANG,Nilai,RANTAU,71450,560
541,TAMAN SRI PERMATA,Nilai,RANTAU,71450,154
542,TAMAN PINGGIRAN SENAWANG,Nilai,RANTAU,71450,"1,469"
543,TAMAN SENAWANG PERDANA,Nilai,RANTAU,71450,875
544,TAMAN BUNGA RAYA ,Nilai,RANTAU,71200,90
545,TAMAN BUNGA SEJATI,Nilai,RANTAU,71200,81
546,TAMAN BUNGA SEJATI 3,Nilai,RANTAU,71200,134
547,TAMAN JED INDAH,Nilai,RANTAU,71200,15
548,TAMAN KOPERASI KG. STESYEN,Nilai,RANTAU,71200,44
549,TAMAN RIBU,Nilai,RANTAU,71200,36
550,TAMAN EMAS PERDANA,Nilai,RANTAU,71200,39
551,TAMAN RANTAU,Nilai,RANTAU,71200,102
552,TAMAN PASIR MAS,Nilai,RANTAU,71200,204
553,TAMAN BERSATU,Nilai,RANTAU,71200,7
554,TAMAN SRI RAMAI,Nilai,RANTAU,71200,208
555,TAMAN RANTAU TIN,Nilai,RANTAU,71200,7
556,TAMAN BUNGA ORKID,Nilai,RANTAU,71200,40
557,TAMAN RANTAU JAYA,Nilai,RANTAU,71200,44
558,TAMAN SRI ANGGERIK ,Nilai,RANTAU,71200,526
559,TAMAN CEMPAKA,Nilai,RANTAU,71200,117
560,TAMAN DELIMA,Nilai,RANTAU,71200,20
561,TAMAN KRISTAL,Nilai,RANTAU,71200,23
562,TAMAN MAWAR,Nilai,RANTAU,71200,31
563,BANDAR EKAR RANTAU,Nilai,RANTAU,71200,"2,101"
564,TAMAN SRI INTAN,Nilai,RANTAU,71200,84
565,TAMAN MUTIARA,Nilai,RANTAU,71200,209
566,TAMAN DESA DATO' KLANA,Nilai,PANTAI,71770,77
567,TAMAN DESA PERMAI,Nilai,PANTAI,71770,38
568,TAMAN KLANA JAYA,Nilai,LENGGENG,71750,29
569,TAMAN AROWANA,Nilai,LENGGENG,71750,121
570,BANDAR TASIK SENANGIN,Nilai,LENGGENG,71750,"10,428"
571,TAMAN ULU BERANANG,Nilai,LENGGENG,71750,99
572,TAMAN DESA KLANA,Nilai,LENGGENG,71750,63
573,TAMAN MELATI,Nilai,LENGGENG,71750,51
574,TAMAN KENARI,Nilai,LENGGENG,71750,79
575,TAMAN BROGA,Nilai,LENGGENG,71750,22
576,TAMAN SRI PULASAN,Nilai,SEREMBAN,70200,282
577,Taman Setiapuri,Port Dickson,PORT DICKSON,"71,000",35
578,Taman Seaview,Port Dickson,PORT DICKSON,"71,000",43
579,Taman Samudera,Port Dickson,PORT DICKSON,"71,000",145
580,Taman Seroja,Port Dickson,PORT DICKSON,"71,000",18
581,Taman Putera,Port Dickson,PORT DICKSON,"71,000",23
582,Taman Sri Bayu,Port Dickson,PORT DICKSON,"71,000",22
583,Taman PD Lavendar,Port Dickson,PORT DICKSON,"71,000",12
584,Taman Kiara 1 & 2,Port Dickson,PORT DICKSON,"71,000",91
585,Taman PD Delima,Port Dickson,PORT DICKSON,"71,000",26
586,Taman Sri Intan,Port Dickson,PORT DICKSON,"71,000",87
587,Taman Negeri,Port Dickson,PORT DICKSON,"71,000",88
588,Taman Negeri Baru,Port Dickson,PORT DICKSON,"71,000",70
589,Taman Negeri Indah,Port Dickson,PORT DICKSON,"71,000",18
590,Taman Pertama,Port Dickson,PORT DICKSON,"71,000",34
591,Taman Sri Kenangan,Port Dickson,PORT DICKSON,"71,000",36
592,Taman Ria,Port Dickson,PORT DICKSON,"71,000",115
593,Taman Pelangi,Port Dickson,PORT DICKSON,"71,000",70
594,Taman Pantai Mas,Port Dickson,PORT DICKSON,"71,000",169
595,Taman Indah Mas,Port Dickson,PORT DICKSON,"71,000",193
596,Taman PD Permata,Port Dickson,PORT DICKSON,"71,000",28
597,Taman Guru,Port Dickson,PORT DICKSON,"71,000",18
598,Taman PD Teknik,Port Dickson,PORT DICKSON,"71,000",59
599,Taman Selasih,Port Dickson,PORT DICKSON,"71,000",461
600,Desa Permai,Port Dickson,PORT DICKSON,"71,000",214
601,Taman Indah Desa,Port Dickson,PORT DICKSON,"71,000",0
602,Taman PD Idaman,Port Dickson,PORT DICKSON,"71,000",49
603,Taman Jasmin,Port Dickson,PORT DICKSON,"71,000",23
604,Taman Lukut Permai                                     ,Port Dickson,PORT DICKSON,"71,000",68
605,Taman Impian Lukut,Port Dickson,PORT DICKSON,"71,010",10
606,Taman Dataran Segar                                  ,Port Dickson,PORT DICKSON,"71,000",1205
607,Taman Sentosa 1,Port Dickson,PORT DICKSON,"71,010",56
608,Taman Sentosa 2                                         ,Port Dickson,PORT DICKSON,"71,010",48
609,Taman Port Dickson,Port Dickson,PORT DICKSON,"71,000",50
610,Taman Naga,Port Dickson,PORT DICKSON,"71,000",24
611,Taman Bunga Raya                                      ,Port Dickson,PORT DICKSON,"71,000",71
612,Taman Kota Lukut,Port Dickson,PORT DICKSON,"71,000",11
613,Taman PD Jaya ,Port Dickson,PORT DICKSON,"71,000",16
614,Taman Indah Baru,Port Dickson,PORT DICKSON,"71,000",139
615,Taman Lukut Indah,Port Dickson,PORT DICKSON,"71,000",0
616,Taman Aman,Port Dickson,PORT DICKSON,"71,000",54
617,Taman Lukut,Port Dickson,PORT DICKSON,"71,000",121
618,Taman Bandar Baru Lukut Jaya,Port Dickson,PORT DICKSON,"71,010",204
619,Taman Indah Wang,Port Dickson,PORT DICKSON,"71,000",81
620,Taman Desaru,Port Dickson,PORT DICKSON,"71,000",28
621,Taman Lukut Lagenda,Port Dickson,PORT DICKSON,"71,000",98
622,Taman Sri Parit,Port Dickson,PORT DICKSON,"71,000",22
623,Taman Wawasan,Port Dickson,PORT DICKSON,"71,000",296
624,Taman Indah Jaya ,Port Dickson,PORT DICKSON,"71,000",230
625,Taman Jaya Lukut,Port Dickson,PORT DICKSON,"71,010",56
626,Taman Tun Sambathan,Port Dickson,PORT DICKSON,"71,000",92
627,Taman Astana Harmoni,Port Dickson,PORT DICKSON,"71,000",145
628,Taman Vista Jaya,Port Dickson,PORT DICKSON,"71,000",171
629,Bandar Baru Spring Hill,Port Dickson,PORT DICKSON,"71,000",2614
630,Taman Bayu Indera Lukut ,Port Dickson,PORT DICKSON,"71,000",1047
631,Taman Sri Aman ,Port Dickson,PORT DICKSON,"71,000",164
632,Taman Sri Lukut,Port Dickson,PORT DICKSON,"71,000",139
633,Taman Lukut Makmur,Port Dickson,PORT DICKSON,"71,000",445
634,Taman D’ Pinggiran Kota,Port Dickson,PORT DICKSON,"71,000",192
635,Taman D’Ambang Kota,Port Dickson,PORT DICKSON,"71,000",139
636,PPR Taman Rebana ,Port Dickson,PORT DICKSON,"71,000",150
637,Taman Tanjung Gemuk,Port Dickson,PORT DICKSON,"71,000",110
638,Taman Sri Tanjung,Port Dickson,PORT DICKSON,"71,000",135
639,Taman NLFCS,Port Dickson,PORT DICKSON,"71,000",147
640,Taman Mikamas,Port Dickson,PORT DICKSON,"71,000",62
641,Taman Damai,Port Dickson,PORT DICKSON,"71,000",40
642,Taman Bukit Kg. Paya,Port Dickson,PORT DICKSON,"71,000",50
643,Taman Gemilang,Port Dickson,PORT DICKSON,"71,000",53
644,Taman Kg. Paya Utama,Port Dickson,PORT DICKSON,"71,000",39
645,Taman Flora,Port Dickson,PORT DICKSON,"71,000",89
646,Taman PD Era,Port Dickson,PORT DICKSON,"71,000",28
647,Taman PD Lagenda,Port Dickson,PORT DICKSON,"71,000",29
648,Taman Bukit Samudra,Port Dickson,PORT DICKSON,"71,000",39
649,Taman Kien Yap,Port Dickson,PORT DICKSON,"71,000",33
650,Taman Bakti   I 2 dan 3,Port Dickson,PORT DICKSON,"71,000",75
651,Taman PD Suria,Port Dickson,PORT DICKSON,"71,000",36
652,Taman Koperasi Setia,Port Dickson,PORT DICKSON,"71,000",37
653,Taman Megah,Port Dickson,PORT DICKSON,"71,000",52
654,Taman Megah Baru,Port Dickson,PORT DICKSON,"71,000",34
655,Taman Nesa,Port Dickson,PORT DICKSON,"71,000",88
656,Taman Shell Gate,Port Dickson,PORT DICKSON,"71,000",27
657,Taman Tiong Seng,Port Dickson,PORT DICKSON,"71,000",30
658,Taman Kg. Arab,Port Dickson,PORT DICKSON,"71,000",21
659,Taman PD Akasia,Port Dickson,PORT DICKSON,"71,000",19
660,Taman Kg Gelam,Port Dickson,PORT DICKSON,"71,000",66
661,Kuarters TNB ,Port Dickson,PORT DICKSON,"71,000",208
662,Taman PD Mewah,Port Dickson,PORT DICKSON,"71,000",22
663,Taman Muhibbah,Port Dickson,PORT DICKSON,"71,000",108
664,Taman Sri Mawar I dan II,Port Dickson,PORT DICKSON,"71,000",85
665,Taman Puteri,Port Dickson,PORT DICKSON,"71,000",27
666,Taman Orkid,Port Dickson,PORT DICKSON,"71,000",86
667,Taman PD Kemuning,Port Dickson,PORT DICKSON,"71,000",9
668,Jalan Rumah Rehat,Port Dickson,PORT DICKSON,"71,000",40
669,Taman PD Hartamas,Port Dickson,PORT DICKSON,"71,000",12
670,Taman Minang,Port Dickson,PORT DICKSON,"71,000",56
671,Taman Bukit Tuan Sheikh,Port Dickson,PORT DICKSON,"71,000",72
672,Taman Tuan Sheikh,Port Dickson,PORT DICKSON,"71,000",27
673,Taman Jalan Lama,Port Dickson,PORT DICKSON,"71,000",137
674,Taman Sri Bandar,Port Dickson,PORT DICKSON,"71,000",152
675,Taman Foursea,Port Dickson,PORT DICKSON,"71,000",46
676,Taman Mekar,Port Dickson,PORT DICKSON,"71,000",31
677,Taman Sutera Lama,Port Dickson,PORT DICKSON,"71,000",119
678,Taman PD Sutera,Port Dickson,PORT DICKSON,"71,000",70
679,Taman Jalan Masjid Lama,Port Dickson,PORT DICKSON,"71,000",25
680,Taman Impian Putra,Port Dickson,PORT DICKSON,"71,000",91
681,Taman Happy,Port Dickson,PORT DICKSON,"71,000",53
682,Taman Perdana,Port Dickson,PORT DICKSON,"71,000",32
683,Taman Toh Kee Kah,Port Dickson,PORT DICKSON,"71,000",55
684,Taman Mewah,Port Dickson,PORT DICKSON,"71,000",26
685,Kuarters TNB,Port Dickson,PORT DICKSON,"71,000",25
686,Pioneer Cove,Port Dickson,PORT DICKSON,"71,000",15
687,Taman Raja Zainal (TNB),Port Dickson,PORT DICKSON,"71,000",214
688,Taman PD Utama,Port Dickson,PORT DICKSON,"71,000",1454
689,Taman PD Rafflesia,Port Dickson,PORT DICKSON,"71,000",11
690,Taman PD Seraya,Port Dickson,PORT DICKSON,"71,000",36
691,Taman PD Damai,Port Dickson,PORT DICKSON,"71,000",24
692,Taman Lukut Sejahtera,Port Dickson,PORT DICKSON,"71,000",21
693,Taman Lukut Lagenda,Port Dickson,PORT DICKSON,"71,000",98
694,Taman PD Teknik 2,Port Dickson,PORT DICKSON,"71,000",28
695,Taman PR1Ma Port Dickson,Port Dickson,PORT DICKSON,"71,000",659
696,Taman Lukut Idaman,Port Dickson,PORT DICKSON,"71,000",81
697,Taman PD Mahkota,Port Dickson,PORT DICKSON,"71,000",16
698,Taman Bukit orkid,Port Dickson,PORT DICKSON,"71,000",18
699,Taman PD Mulberi ,Port Dickson,PORT DICKSON,"71,000",17
700,Taman Jimah Indah Site ’A’,Port Dickson,JIMAH,"71,200",68
701,Taman Jimah Jaya Site ’C’,Port Dickson,JIMAH,"71,200",889
702,Taman Bukit Pelandok,Port Dickson,JIMAH,"71,200",78
703,Taman Pelandok Jaya,Port Dickson,JIMAH,"71,200",48
704,Taman Kekwa,Port Dickson,JIMAH,"71,960",30
705,Taman Pantai Mewah ,Port Dickson,JIMAH,"71,200",34
706,Taman Murni,Port Dickson,JIMAH,"71,200",25
707,Taman Nuri,Port Dickson,JIMAH,"71,200",53
708,Taman Jimah Raya,Port Dickson,JIMAH,"71,200",8
709,Taman Bayan,Port Dickson,JIMAH,"71,200",27
710,Taman Bagan Kurnia,Port Dickson,JIMAH,"71,100",144
711,Taman Jentayu,Port Dickson,JIMAH,"71,200",46
712,Taman Melor,Port Dickson,JIMAH,"71,200",25
713,Taman Lagenda ,Port Dickson,JIMAH,"71,200",25
714,Taman Merpati,Port Dickson,JIMAH,"71,200",21
715,Taman Kasawari,Port Dickson,JIMAH,"71,200",28
716,Taman Iris,Port Dickson,JIMAH,"71,200",14
717,Taman Tulip,Port Dickson,JIMAH,"71,200",9
718,Taman Bunga Emas,Port Dickson,JIMAH,"71,200",24
719,Taman Rajawali,Port Dickson,JIMAH,"71,200",24
720,Taman Tiong Mas ,Port Dickson,JIMAH,"71,200",44
721,Taman Jimah Bistari ,Port Dickson,JIMAH,"71,200",30
722,R. Rakyat Kg. Sawah,Port Dickson,JIMAH,"71,200",100
723,Taman Sri Pinang,Port Dickson,SRI RUSA,"71,050",126
724,Taman Hilsa,Port Dickson,SRI RUSA,"71,050",20
725,Taman Desa Pinang,Port Dickson,SRI RUSA,"71,050",57
726,Taman TKK,Port Dickson,SRI RUSA,"71,050",80
727,Taman Dato’ Haji Abdul Samad,Port Dickson,SRI RUSA,"71,050",211
728,Taman Abu Zarim (TNB),Port Dickson,SRI RUSA,"71,050",55
729,Taman Eastern,Port Dickson,SRI RUSA,"71,050",67
730,Taman Desa Rusa,Port Dickson,SRI RUSA,"71,050",428
731,Taman Setia Damai,Port Dickson,SRI RUSA,"71,050",50
732,Taman Si Rusa,Port Dickson,SRI RUSA,"71,050",21
733,Taman Intan Duyung,Port Dickson,SRI RUSA,"71,050",688
734,Bandar Baru Sunggala,Port Dickson,SRI RUSA,"71,050",1026
735,Taman Melati,Port Dickson,SRI RUSA,"71,050",30
736,Taman Selayang,Port Dickson,SRI RUSA,"71,050",20
737,Taman Si Rusa Jaya,Port Dickson,SRI RUSA,"71,050",10
738,Taman Senangin,Port Dickson,SRI RUSA,"71,050",12
739,Taman Anggerik,Port Dickson,SRI RUSA,"71,050",40
740,Taman Sajak Permai,Port Dickson,SRI RUSA,"71,050",12
741,P.D. Village ,Port Dickson,SRI RUSA,"71,050",46
742,Taman Belida,Port Dickson,SRI RUSA,"71,050",102
743,Taman Telok Kemang ,Port Dickson,SRI RUSA,"71,050",69
744,Taman Bayu,Port Dickson,SRI RUSA,"71,050",93
745,Taman Layaran,Port Dickson,SRI RUSA,"71,050",10
746,P.D. Villa       ,Port Dickson,SRI RUSA,"71,050",192
747,Taman Almai,Port Dickson,SRI RUSA,"71,050",55
748,Taman Kerisi,Port Dickson,SRI RUSA,"71,050",22
749,Taman Sunggala Hartamas,Port Dickson,SRI RUSA,"71,050",630
750,Taman Arowana,Port Dickson,SRI RUSA,"71,050",20
751,Taman Intan Perdana                      ,Port Dickson,PASIR PANJANG,"71,250",1261
752,Taman Bukit Perdana,Port Dickson,PASIR PANJANG,"71,250",79
753,Villa Coral,Port Dickson,PASIR PANJANG,"71,250",132
754,Taman Politeknik,Port Dickson,PASIR PANJANG,"71,250",1600
755,Taman Orkid,Port Dickson,PASIR PANJANG,"71,250",75
756,Taman Bunga Kertas,Port Dickson,PASIR PANJANG,"71,250",15
757,Taman Tiara    ,Port Dickson,PASIR PANJANG,"71,250",18
758,Taman Anika,Port Dickson,PASIR PANJANG,"71,250",133
759,Taman Harum Manis   ,Port Dickson,PASIR PANJANG,"71,250",20
760,Taman Green View,Port Dickson,PASIR PANJANG,"71,250",397
761,Taman Peranginan Mutiara,Port Dickson,PASIR PANJANG,"71,250",252
762,Taman Setia ,Port Dickson,PASIR PANJANG,"71,250",90
763,Taman Sri Cermai,Port Dickson,PASIR PANJANG,"71,250",31
764,Taman Chye,Port Dickson,PASIR PANJANG,"71,250",42
765,Taman Pasir Panjang,Port Dickson,PASIR PANJANG,"71,250",13
766,Taman Sengkang (Fasa 1),Port Dickson,PASIR PANJANG,"71,250",72
767,Taman Bukit Cendana,Port Dickson,PASIR PANJANG,"71,250",56
768,Taman Angsana,Port Dickson,PASIR PANJANG,"71,250",52
769,Taman Belian,Port Dickson,PASIR PANJANG,"71,250",22
770,Taman Jati,Port Dickson,PASIR PANJANG,"71,250",26
771,Taman Pulai,Port Dickson,PASIR PANJANG,"71,250",10
772,Taman Markisa (beribu lagenda),Port Dickson,PASIR PANJANG,"71,250",25
773,Taman Linggi,Port Dickson,LINGGI,"71,150",66
774,Taman Air Kuning,Port Dickson,LINGGI,"71,150",26
775,Taman Mewah Linggi,Port Dickson,LINGGI,"71,150",69
776,Taman Bukit Kempas,Port Dickson,LINGGI,"71,150",135
777,Taman Desa PD,Port Dickson,LINGGI,"71,150",1281
778,Taman Desa Pinggitan,Port Dickson,LINGGI,"71,150",25
779,Taman Linggi Maju,Port Dickson,LINGGI,"71,150",54
780,Taman Linggi Fasa 3,Port Dickson,LINGGI,"71,150",24
781,Taman Tasik Bahau,Jempol,PEKAN BAHAU & BANDAR BAHAU,72100,49
782,TAMAN KHAYA,Jempol,PEKAN BAHAU & BANDAR BAHAU,72100,59
783,TAMAN MERBAU,Jempol,BANDAR BAHAU,72100,52
784,TAMAN TANJUNG,Jempol,PEKAN BAHAU,72100,97
785,RUMAH RAKYAT BAHAU,Jempol,BANDAR BAHAU,72100,50
786,TAMAN AKASIA,Jempol,KUALA JEMPOL,72100,48
787,TAMAN MEDANG,Jempol,BANDAR BAHAU & ROMPIN,72100,14
788,TAMAN KHAYA HEIGHTS,Jempol,PEKAN BAHAU,72100,24
789,TAMAN BINJAI,Jempol,PEKAN BAHAU,72100,10
790,RUMAH RAKYAT BAHAU 1,Jempol,BANDAR BAHAU,72100,141
791,TAMAN RASA SAYANG,Jempol,PEKAN BAHAU,72100,244
792,TAMAN MERANTI,Jempol,PEKAN BAHAU & BANDAR BAHAU,72100,"1,057"
793,TAMAN AWANA INDAH ,Jempol,PEKAN BAHAU,72100,241
794,TAMAN MUHIBBAH,Jempol,PEKAN BAHAU,72100,96
795,TAMAN RIA,Jempol,BANDAR BAHAU,72100,45
796,TAMAN CEMPAKA,Jempol,PEKAN BAHAU,72100,173
797,TAMAN SRI PELATING,Jempol,PEKAN BAHAU,72100,109
798,TAMAN TIMUR,Jempol,BANDAR BAHAU,72100,86
799,TAMAN ACBE,Jempol,BANDAR BAHAU,72100,497
800,TAMAN SORNAM,Jempol,BANDAR BAHAU,72100,110
801,TAMAN KSM,Jempol,PEKAN BAHAU & BANDAR BAHAU,72100,42
802,TAMAN SUM HUP,Jempol,BANDAR BAHAU,72100,69
803,TAMAN BAHAU INDAH,Jempol,BANDAR BAHAU,72100,252
804,TAMAN BAHAU ,Jempol,PEKAN BAHAU,72100,780
805,TAMAN DESA PUTERI,Jempol,PEKAN BAHAU,72100,520
806,TAMAN ANGKASA,Jempol,PEKAN BAHAU,72100,98
807,TAMAN JUARA,Jempol,PEKAN BAHAU,72100,224
808,TAMAN MELOR,Jempol,PEKAN BAHAU,73500,89
809,RUMAH RAKYAT ROMPIN 1,Jempol,PEKAN ROMPIN,73500,32
810,TAMAN MATAHARI,Jempol,PEKAN MAHSAN,72100,18
811,TAMAN BAKAR BATU,Jempol,BANDAR BAHAU,72100,79
812,TAMAN MELATI,Jempol,PEKAN BAHAU,72100,29
813,PEKAN ROMPIN/TAMAN ROMPIN BARU,Jempol,PEKAN ROMPIN,73500,20
814,TAMAN SAUJANA,Jempol,PEKAN ROMPIN,73500,5
815,TAMAN DESA ROMPIN,Jempol,PEKAN ROMPIN,73500,29
816,TAMAN TERATAI,Jempol,PEKAN MAHSAN,72100,156
817,TAMAN MAHSAN,Jempol,PEKAN MAHSAN,72100,263
818,TAMAN SRI MAHSAN,Jempol,PEKAN MAHSAN,72100,439
819,TAMAN SRI MUTIARA,Jempol,BANDAR BAHAU,72100,22
820,RUMAH RAKYAT MAHSAN 1,Jempol,PEKAN MAHSAN,72100,50
821,RUMAH RAKYAT BAHAU 3,Jempol,BANDAR BAHAU,72100,70
822,RUMAH RAKYAT MAHSAN 2,Jempol,PEKAN MAHSAN,72100,50
823,TAMAN SAGA,Jempol,SERTING ULU,72100,29
824,TAMAN CEMARA,Jempol,SERTING ULU,72100,13
825,TAMAN JATI,Jempol,BANDAR BAHAU,72100,28
826,TAMAN SERTING JAYA,Jempol,PEKAN BAHAU,72100,91
827,TAMAN JEMPOL,Jempol,BANDAR BAHAU,72100,45
828,DESA PERMAI SERTING INDAH,Jempol,SERTING ULU,72100,124
829,RUMAH RAKYAT SERTING TENGAH,Jempol,SERTING ULU,72200,100
830,TAMAN SERI AIR HITAM,Jempol,SERTING ULU,72200,46
831,TAMAN BINTANG,Jempol,SERTING ULU,72120,20
832,TAMAN SAGA 1/DILLENIA,Jempol,SERTING ULU,72200,28
833,TAMAN PERMATA,Jempol,SERTING ULU,72100,29
834,TAMAN JED,Jempol,SERTING ULU,72200,20
835,TAMAN KEPAYANG,Jempol,KUALA JEMPOL,72200,97
836,TAMAN SATELITE,Jempol,PEKAN BAHAU & BANDAR BAHAU,72100,711
837,TAMAN SERI JEMPOL,Jempol,PEKAN BAHAU,72100,58
838,TAMAN TUANKU PUAN CHIK,Jempol,PEKAN BAHAU,72100,221
839,RUMAH RAKYAT BATU KIKIR 1,Jempol,PEKAN BATU KIKIR,72100,50
840,TAMAN DESA PENARIKAN,Jempol,PEKAN BAHAU,72100,236
841,TAMAN SETIA BUDI,Jempol,PEKAN BATU KIKIR,72200,25
842,TAMAN MAWAR,Jempol,PEKAN BATU KIKIR & KUALA JEMPOL,72100,162
843,TAMAN DESA DATO MUDA,Jempol,PEKAN BATU KIKIR,72200,47
844,TAMAN BERINGIN,Jempol,PEKAN BATU KIKIR,72200,24
845,RUMAH RAKYAT BATU KIKIR 2,Jempol,PEKAN BATU KIKIR,72200,66
846,TAMAN KRISTAL,Jempol,KUALA JEMPOL,72200,47
847,RUMAH RAKYAT JAMBU LAPAN,Jempol,PEKAN BAHAU,72200,200
848,TAMAN DELIMA,Jempol,KUALA JEMPOL,72200,16
849,RUMAH RAKYAT BATU KIKIR 3,Jempol,PEKAN BATU KIKIR,72100,100
850,TAMAN MARIKH,Jempol,KUALA JEMPOL,72100,68
851,TAMAN MUSYTARI,Jempol,KUALA JEMPOL,72200,78
852,TAMAN ZUHAL,Jempol,KUALA JEMPOL,72200,33
853,TAMAN ZAMRUD,Jempol,KUALA JEMPOL,72200,200
854,TAMAN SURIA,Jempol,KUALA JEMPOL,72200,13
855,TAMAN SRI SERTING,Jempol,BANDAR SERTING,72200,463
856,TAMAN SERTING INDAH,Jempol,BANDAR SERTING,72100,357
857,TAMAN SERTING UTAMA,Jempol,BANDAR SERTING,72120,144
858,FELDAJAYA,Jempol,BANDAR SERI JEMPOL,72120,88
859,TAMAN MEGAH,Jempol,PEKAN MAHSAN,72120,259
860,TAMAN KWANG HUP 2,Jempol,BANDAR BAHAU,72120,20
861,TAMAN MARGOSA,Jempol,ROMPIN,72100,93
862,TAMAN SRI ROMPIN,Jempol,ROMPIN,72100,339
863,TAMAN LELAYANG,Jempol,PEKAN LADANG GADDES,72100,104
864,RUMAH RAKYAT ROMPIN 2,Jempol,JELEI,73500,58
865,TAMAN MEDANG,Jempol,BANDAR BAHAU & ROMPIN,73500,28
866,TAMAN KWANG HUP ,Jempol,BANDAR BAHAU,73500,55
867,TAMAN CHENGAL,Jempol,ROMPIN,72100,241
868,TAMAN INTAN ,Jempol,PEKAN BATU KIKIR & KUALA JEMPOL,72100,128
869,TAMAN BAIDURI,Jempol,PEKAN BATU KIKIR,72100,28
870,TAMAN ARKED,Jempol,PEKAN BATU KIKIR,72200,30
871,TAMAN KASIH PUTERA,Jempol,PEKAN BAHAU & JELEI,72200,687
872,TAMAN SERTING PERTAMA,Jempol,BANDAR SERTING,72200,58
873,TAMAN PENAGA,Jempol,KUALA JEMPOL,72100,5
874,TAMAN GARSENIA,Jempol,PEKAN BAHAU,72100,56
875,TAMAN ARECA,Jempol,ROMPIN,72100,110
876,TAMAN SAKURA,Jempol,ROMPIN,72100,241
877,TAMAN ALAMANDA,Jempol,PEKAN MAHSAN,72100,6
878,TAMAN MARGOSA MAJU,Jempol,ROMPIN,72100,39
879,TAMAN BIDARA,Jempol,KUALA JEMPOL,72100,8
880,TAMAN BUCIDA,Jempol,BANDAR BAHAU,72100,15
881,TAMAN AMETIS,Tampin,TAMPIN TENGAH,73000,137
882,TAMAN BANDAR UTAMA TAMPIN,Tampin,REPAH,73000,"1,418"
883,TAMAN DESA PERMAI REPAH,Tampin,REPAH,73000,374
884,TAMAN REPAH BARU,Tampin,REPAH,73000,291
885,TAMAN BATU BELANG,Tampin,TAMPIN TENGAH,73000,141
886,TAMAN BATU BELANG JAYA,Tampin,TAMPIN TENGAH,73000,44
887,TAMAN BAHAGIA,Tampin,TAMPIN TENGAH,73000,53
888,TAMAN BUKIT INDAH,Tampin,TAMPIN TENGAH,73000,47
889,TAMAN BUKIT TAMPIN,Tampin,TAMPIN TENGAH,73000,363
890,TAMAN GUNUNG MAS,Tampin,TAMPIN TENGAH,73000,"1,357"
891,TAMAN HAJI BURHAN,Tampin,TAMPIN TENGAH,73000,25
892,TAMAN INDAH BARU,Tampin,TAMPIN TENGAH,73000,"2,409"
893,TAMAN INDAH LAMA,Tampin,TAMPIN TENGAH,73000,81
894,TAMAN KOLAM AIR,Tampin,TAMPIN TENGAH,73000,35
895,TAMAN MEENA JAYA,Tampin,TAMPIN TENGAH,73000,25
896,TAMAN BUKIT RIA,Tampin,TAMPIN TENGAH,73000,277
897,TAMAN RASA SAYANG,Tampin,TAMPIN TENGAH,73000,223
898,TAMAN SERI BELIAN,Tampin,TAMPIN TENGAH,73000,106
899,TAMAN SRI INTAN,Tampin,TAMPIN TENGAH,73000,101
900,TAMAN SERI MUTIARA,Tampin,TAMPIN TENGAH,73000,133
901,TAMAN SERI PERMAI,Tampin,TAMPIN TENGAH,73000,31
902,TAMAN TUNKU BESAR,Tampin,TAMPIN TENGAH,73000,145
903,TAMAN CLONLEE,Tampin,TAMPIN TENGAH,73000,"1,595"
904,TAMAN TAMPIN JAYA,Tampin,TAMPIN TENGAH,73000,39
905,TAMAN LENGGONG TAMPIN,Tampin,TAMPIN TENGAH,73000,19
906,TAMAN TAMPIN,Tampin,TAMPIN TENGAH,73000,191
907,TAMAN SURIA,Tampin,TAMPIN TENGAH,73000,172
908,TAMAN TAMPIN VIEW,Tampin,TAMPIN TENGAH,73000,53
909,TAMAN WOON,Tampin,TAMPIN TENGAH,73000,463
910,TAMAN MINANG,Tampin,TAMPIN TENGAH,73000,93
911,TAMAN SERI NURI,Tampin,GEMENCHEH,73200,85
912,TAMAN ASAHAN INDAH 2,Tampin,GEMENCHEH,73200,13
913,TAMAN ASAHAN INDAH 3,Tampin,GEMENCHEH,73200,16
914,TAMAN BUKIT GEMENCHEH,Tampin,GEMENCHEH,73200,80
915,TAMAN ASAHAN INDAH,Tampin,GEMENCHEH,73200,19
916,TAMAN DATO TAHA,Tampin,GEMENCHEH,73200,140
917,TAMAN BUNGA RAYA,Tampin,GEMENCHEH,73200,84
918,TAMAN GEMBIRA,Tampin,GEMENCHEH,73200,182
919,TAMAN NURI INDAH,Tampin,GEMENCHEH,73200,112
920,TAMAN GEMENCHEH HEIGHT,Tampin,GEMENCHEH,73200,43
921,TAMAN SRI INTAN,Tampin,GEMENCHEH,73200,104
922,TAMAN MERAK GEMENCHEH LAMA,Tampin,GEMENCHEH,73200,2
923,TAMAN GEMENCHEH JAYA,Tampin,GEMENCHEH,73200,92
924,TAMAN SRI INTAN,Tampin,GEMENCHEH,73200,99
925,TAMAN ORKID,Tampin,GEMENCHEH,73200,283
926,TAMAN MELOR,Tampin,GEMENCHEH,73200,28
927,TAMAN IMPIAN JAYA,Tampin,GEMENCHEH,73200,674
928,TAMAN MUHIBBAH,Tampin,GEMENCHEH,73200,313
929,TAMAN ASAHAN JAYA,Tampin,GEMENCHEH,73200,60
930,TAMAN PEKAN GEMENCHEH BARU,Tampin,GEMENCHEH,73200,680
931,TAMAN REGENT,Tampin,GEMENCHEH,73200,466
932,TAMAN SERI GEMENCHEH,Tampin,GEMENCHEH,73200,61
933,TAMAN SENTOSA,Tampin,GEMENCHEH,73200,30
934,TAMAN MELOR 2,Tampin,GEMENCHEH,73200,20
935,TAMAN MERAK,Tampin,GEMENCHEH,73200,59
936,TAMAN YUYI,Tampin,GEMENCHEH,73200,61
937,TAMAN KASTURI,Tampin,GEMENCHEH,73200,2
938,TAMAN ORKID 2,Tampin,GEMENCHEH,73200,51
939,TAMAN KASTURI,Tampin,GEMENCHEH,73200,350
940,TAMAN SUTERA,Tampin,BATANG MELAKA,73300,42
941,TAMAN BARU BATANG MELAKA,Tampin,BATANG MELAKA,73300,78
942,TAMAN SERI MUTIARA,Tampin,GEMAS,73400,230
943,TAMAN PINGGIRAN FELDA,Tampin,GEMAS,73400,336
944,TAMAN DESA BAKTI,Tampin,GEMAS,73400,76
945,TAMAN DESA PERMAI GEMAS,Tampin,GEMAS,73400,340
946,TAMAN SUNGAI GEMAS,Tampin,GEMAS,73400,252
947,TAMAN GEMAS INDAH,Tampin,GEMAS,73400,302
948,TAMAN GEMAS JAYA,Tampin,GEMAS,73400,206
949,TAMAN GEMAS GOLF RESORT,Tampin,GEMAS,73400,1
950,TAMAN MOLEK,Tampin,GEMAS,73400,72
951,TAMAN MURIS,Tampin,GEMAS,73400,49
952,TAMAN PASIR BESAR,Tampin,GEMAS,73400,146
953,TAMAN GEMAS SETIA,Tampin,GEMAS,73400,83
954,TAMAN SAHABAT GEMAS,Tampin,GEMAS,73400,195
955,TAMAN SENTOSA,Tampin,GEMAS,73400,421
956,TAMAN DAMAI (LOT ASAL 904),Tampin,GEMAS,73400,230
957,TAMAN GEMAS,Tampin,GEMAS,73400,35
958,TAMAN ARMANI,Tampin,GEMAS,73400,68
959,TAMAN KOMERSIAL PAHLAWAN,Tampin,GEMAS,73400,37
960,TAMAN JALAN NYALAS,Tampin,AIR KUNING,73410,24
961,TAMAN AIR KUNING,Tampin,AIR KUNING,73410,26
962,TAMAN SEMARAK,Tampin,AIR KUNING,73410,115
963,TAMAN SERI AIR KUNING,Tampin,AIR KUNING,73410,95
964,TAMAN AZALEA,Tampin,GEMENCHEH,73200,22
965,Taman Bukit Pilah Perdana,Kuala Pilah,Kuala Pilah,72000,162
966,Taman  Bukit Ara,Kuala Pilah,Ampang Tinggi,72000,72
967,Taman  Bukit Mutiara,Kuala Pilah,Ampang Tinggi,72000,80
968,Taman Ampang Tinggi,Kuala Pilah,Ampang Tinggi,72000,36
969,Taman Bestari,Kuala Pilah,Ampang Tinggi,72000,21
970,Taman Damai,Kuala Pilah,Ampang Tinggi,72000,24
971,Taman Desa Aman,Kuala Pilah,Ampang Tinggi,72000,144
972,Taman Desa Melang,Kuala Pilah,Ampang Tinggi,72000,506
973,Taman Fatimah,Kuala Pilah,Ampang Tinggi,72000,69
974,Taman Impian Utama,Kuala Pilah,Ampang Tinggi,72000,40
975,Taman Kuala Pilah,Kuala Pilah,Ampang Tinggi,72000,55
976,Taman Maya,Kuala Pilah,Ampang Tinggi,72000,28
977,Taman Melang,Kuala Pilah,Ampang Tinggi,72000,45
978,Taman Melang Utama,Kuala Pilah,Ampang Tinggi,72000,17
979,Taman Murni,Kuala Pilah,Ampang Tinggi,72000,13
980,Taman Nesa,Kuala Pilah,Ampang Tinggi,72000,82
981,Taman Permata,Kuala Pilah,Ampang Tinggi,72000,26
982,Taman Pilah Jaya,Kuala Pilah,Ampang Tinggi,72000,73
983,Taman Selasih,Kuala Pilah,Ampang Tinggi,72000,270
984,Taman Sentosa,Kuala Pilah,Ampang Tinggi,72000,97
985,Taman Setia Kasih,Kuala Pilah,Ampang Tinggi,72000,38
986,Taman Waja,Kuala Pilah,Ampang Tinggi,72000,248
987,Taman Wawasan,Kuala Pilah,Ampang Tinggi,72000,44
988,Taman Wira Jaya,Kuala Pilah,Ampang Tinggi,72000,385
989,Taman Wira Prade,Kuala Pilah,Ampang Tinggi,72000,75
990,Taman Permai,Kuala Pilah,Ulu Muar,72000,66
991,Taman Angkasa Jaya,Kuala Pilah,Ulu Muar,72000,31
992,Taman Fatimah,Kuala Pilah,Ulu Muar,72000,283
993,Taman Cita Jaya,Kuala Pilah,Ulu Muar,72000,71
994,Taman Jemapoh Murni,Kuala Pilah,Ulu Muar,72000,124
995,Taman Jemapoh Indah,Kuala Pilah,Ulu Muar,72000,63
996,Taman Suria,Kuala Pilah,Ulu Muar,72000,30
997,Taman Impian Putra,Kuala Pilah,Ulu Muar,72000,64
998,Taman Senimas,Kuala Pilah,Ulu Muar,72000,632
999,Taman Sema,Kuala Pilah,Pilah,72000,71
1000,Taman Angkasa Jaya,Kuala Pilah,Pilah,72000,70
1001,Taman Pilah Senaling,Kuala Pilah,Pilah,72000,86
1002,Taman Senaling,Kuala Pilah,Pilah,72000,27
1003,Taman Chin Joo,Kuala Pilah,Pilah,72000,30
1004,Taman Bukit Indah,Kuala Pilah,Pilah,72000,49
1005,Taman Bahagia Delima,Kuala Pilah,Pilah,72000,416
1006,Taman Dioh,Kuala Pilah,Pilah,72000,44
1007,Taman Bukit Intan,Kuala Pilah,Pilah,72000,318
1008,Taman Kiam Guan,Kuala Pilah,Pilah,72000,41
1009,Taman Tebat Kering,Kuala Pilah,Pilah,72000,219
1010,Taman Cemerlang,Kuala Pilah,Pilah,72000,33
1011,Taman Pendita,Kuala Pilah,Pilah,72000,30
1012,Taman Kasih,Kuala Pilah,Pilah,72000,6
1013,Taman Johol,Kuala Pilah,Johol,73100,47
1014,Taman Desa Permai Selaru,Kuala Pilah,Johol,73100,122
1015,Taman Air Mawang,Kuala Pilah,Johol,73100,202
1016,Taman Rasa Sayang,Kuala Pilah,Johol,73100,352
1017,Taman Dangi,Kuala Pilah,Kepis,73100,95
1018,Taman Muhibbah,Kuala Pilah,Kepis,73100,2223
1019,Taman Anggerik,Kuala Pilah,Juasseh,72500,61
1020,Taman Sri Gelugor,Kuala Pilah,Juasseh,72500,149
1021,Taman Jemapoh,Kuala Pilah,Juasseh,72500,120
1022,Taman Desa Permai,Kuala Pilah,Juasseh,72500,213
1023,Taman Pelangi,Kuala Pilah,Juasseh,72500,106
1024,Taman Putra,Kuala Pilah,Juasseh,72500,256
1025,Taman Mutiara,Kuala Pilah,Juasseh,72500,72
1026,Taman Harmoni,Kuala Pilah,Juasseh,72500,125
1027,Taman Melati Indah,Kuala Pilah,Juasseh,72500,210
1028,Taman Ros Setia,Kuala Pilah,Juasseh,72500,22
1029,Taman Sri Juasseh,Kuala Pilah,Juasseh,72500,51
1030,Taman Angsana,Kuala Pilah,Juasseh,72500,27
1031,Taman Sri Alam,Kuala Pilah,Juasseh,72500,74
1032,Taman Mekar,Kuala Pilah,Juasseh,72500,13
1033,Taman Juasseh Sentosa,Kuala Pilah,Juasseh,72500,352
1034,Taman Bayu,Kuala Pilah,Juasseh,72500,22
1035,Taman Sri Terachi,Kuala Pilah,Terachi,71500,32
1036,Taman Sri Ulu Bendul,Kuala Pilah,Terachi,71500,24
1037,Taman Jelebu 1,Jelebu,Bandar Kuala Klawang,71600,23
1038,Taman Jelebu 2,Jelebu,Bandar Kuala Klawang,71600,20
1039,Taman KSM,Jelebu,Mukim Kuala Klawang,71600,150
1040,Taman Mengkan,Jelebu,Mukim Kuala Klawang,71600,31
1041,Taman Bandar Tinggi,Jelebu,Mukim Kuala Klawang,71600,85
1042,Taman Klawang Jaya,Jelebu,Mukim Kuala Klawang,71600,26
1043,Taman Wangsa Indah,Jelebu,Mukim Kuala Klawang,71600,73
1044,Taman Dato Undang Abdullah,Jelebu,Mukim Kuala Klawang,71600,126
1045,Taman Dato Moyang Salleh,Jelebu,Mukim Kuala Klawang,71600,29
1046,Taman Dato Undang Abu Bakar,Jelebu,Mukim Kuala Klawang,71600,66
1047,Rumah Murah Larong,Jelebu,Mukim Kuala Klawang,71600,50
1048,Taman Hadapan Hospital,Jelebu,Mukim Kuala Klawang,71600,14
1049,Taman Sinar Setia,Jelebu,Pekan Kuala Klawang,71600,1
1050,Taman Sri Cempedak,Jelebu,Pekan Kuala Klawang,71600,31
1051,Taman Irama,Jelebu,Pekan Kuala Klawang,71600,160
1052,Taman Cengal,Jelebu,Pekan Kuala Klawang,71600,51
1053,Rumah Murah Petaling,Jelebu,Pekan Kuala Klawang,71600,188
1054,Taman Bukit Petaling,Jelebu,Pekan Kuala Klawang,71600,9
1055,Taman Petaling,Jelebu,Pekan Kuala Klawang,71600,10
1056,Taman Berlian,Jelebu,Pekan Kuala Klawang,71600,24
1057,Taman Angsana,Jelebu,Mukim Ulu Triang,71600,17
1058,Taman Jati,Jelebu,Mukim Ulu Triang,71600,50
1059,Taman Teja,Jelebu,Mukim Ulu Triang,71600,28
1060,Taman Sri Kenaboi,Jelebu,Mukim Glami Lemi,71650,166
1061,Taman Pekan Baru,Jelebu,Mukim Glami Lemi,71650,31
1062,Taman Titi,Jelebu,Mukim Titi,71650,97
1063,Taman Sri Jelebu,Jelebu,Mukim Titi,71650,56
1064,Taman Nagamas,Jelebu,Mukim Titi,71650,174
1065,Taman Kim San,Jelebu,Pekan Titi,71650,12
1066,Taman Mawar ,Jelebu,Mukim Glami Lemi,71650,250
1067,Taman Mok Sam,Jelebu,Pekan Titi,71650,34
1068,Desa Permai Titi,Jelebu,Pekan Titi,71650,142
1069,Rumah Murah Hosapa,Jelebu,Pekan Titi,71650,50
1070,Rumah Murah Mahfong,Jelebu,Pekan Titi,71650,50
1071,Taman Bukit Kempas,Jelebu,Mukim Glami Lemi,71650,444
1072,Taman Pertang,Jelebu,Pekan Pertang,72300,31
1073,Taman Bukit Pertang,Jelebu,Pekan Pertang,72300,93
1074,RRM Pertang,Jelebu,Pekan Pertang,72300,50
1075,Taman Teratai,Jelebu,Pekan Pertang,72300,30
1076,Taman Sri Pertang,Jelebu,MukimPertang,72300,117
1077,Taman Simpang Jaya,Jelebu,MukimPertang,72300,50
1078,Taman Sri Desa,Jelebu,MukimPertang,72300,187
1079,Taman Sri Perdana,Jelebu,MukimPertang,72300,73
1080,RRM Simpang Pertang 1,Jelebu,Pekan Simpang Pertang ,72300,50
1081,RRM Simpang Pertang 2,Jelebu,Pekan Simpang Pertang ,72300,50
1082,Taman Gunung Emas,Jelebu,Mukim Pertang ,72300,17
1083,Taman Durian Tipus,Jelebu,Mukim Triang Ilir,72400,16
1084,RRM Simpang Durian 1,Jelebu,Pekan Simpang Durian,72400,50
1085,RRM Simpang Durian 2,Jelebu,Pekan Simpang Durian,72400,100
1086,Desa Permai Simpang Durian,Jelebu,Mukim Triang Ilir,72400,126
1087,Taman Bunga Raya,Jelebu,Pekan Simpang Durian,72400,62
1088,Taman Seroja,Jelebu,Mukim Triang Ilir,72400,46
1089,TAMAN KEBUN KELAPA,Rembau,BANDAR REMBAU,"71,300",58
1090,TAMAN REMBAU PERDANA,Rembau,BATU HAMPAR,"71,300",52
1091,TAMAN REMBAU JAYA,Rembau,BATU HAMPAR,"71,300",157
1092,TAMAN REMBAU PERMATA,Rembau,BATU HAMPAR,"71,300",22
1093,TAMAN IMPIAN REMBAU ,Rembau,BATU HAMPAR,"71,300",17
1094,TAMAN REMBAU BAYU INDAH,Rembau,BATU HAMPAR,"71,300",487
1095,TAMAN SRI REMBAU ( BANGLO ),Rembau,PEKAN REMBAU,"71,300",400
1096,TAMAN SRI REMBAU FASA 1,Rembau,PEKAN REMBAU,"71,300",197
1097,TAMAN SRI REMBAU FASA 2,Rembau,PEKAN REMBAU,"71,300",362
1098,TAMAN SRI REMBAU FASA 3,Rembau,PEKAN REMBAU,"71,300",170
1099,TAMAN REMBAU UTAMA,Rembau,PEKAN REMBAU,"71,300",195
1100,TAMAN REMBAU UTAMA 2,Rembau,PEKAN REMBAU,"71,300",168
1101,TAMAN DESA PERMAI MAMPONG,Rembau,TANJUNG KLING,"71,300",198
1102,TAMAN KOPERASI (KSNS ),Rembau,PEKAN CHEMBONG,"71,400",100
1103,TAMAN DESA CHEMBONG,Rembau,PEKAN CHEMBONG,"71,300",344
1104,TAMAN CHEMBONG UTAMA,Rembau,PEKAN CHEMBONG,"71,300",187
1105,TAMAN DATO’ LELA MAHARAJA,Rembau,PEKAN CHEMBONG,"71,300",114
1106,TAMAN DATO ‘ SEDIA RAJA,Rembau,PEKAN CHEMBONG,"71,300",187
1107,TAMAN CHEMBONG JAYA,Rembau,PEKAN CHEMBONG,"71,300",309
1108,TAMAN SERI BIDARA,Rembau,CHENGKAU,"71,350",30
1109,TAMAN KOTA INDAH,Rembau,GADONG,"71,350",77
1110,TAMAN GADONG,Rembau,GADONG,"71,350",49
1111,TAMAN SRI KOTA,Rembau,GADONG,"71,350",103
1112,TAMAN SALAM NADIAH,Rembau,GADONG,"71,350",151
1113,TAMAN AZIZAH,Rembau,GADONG,"71,350",3
1114,TAMAN GUNUNG TAHAN UTAMA,Rembau,GADONG,"71,350",Tiada Maklumat Setakat ini
1115,TAMAN DESA PERMAI PEDAS,Rembau,PEDAS,"71,400",196
1116,TAMAN PEDAS INDAH,Rembau,PEDAS,"71,400",426
1117,TAMAN PEDAS PERDANA,Rembau,PEKAN MERBAU SEMBILAN,"71,400",512
1118,TAMAN PINGGIRAN PEDAS,Rembau,PEDAS,"71,400",419
1119,TAMAN DESA PERMAI KUNDUR,Rembau,PEDAS,"71,400",187
1120,TAMAN AKASIA KUNDUR,Rembau,PEDAS,"71,400",50
1121,TAMAN IXORA KUNDUR,Rembau,PEDAS,"71,400",32
